law_id,law_name,law_text,domain,mathematical_basis,enforcement_level,source_organism
LAW-GM-001,Lex Aurea Proportio,The golden ratio φ = (1+√5)/2 is the universal constant governing all structural proportion within the organism,GOLDEN_MATHEMATICS,φ = (1+√5)/2,IMMUTABLE,SOVEREIGN
LAW-GM-002,Lex Fibonaccii Successio,Every growth sequence within the system must converge to Fibonacci ratios at sufficient depth,GOLDEN_MATHEMATICS,F(n)/F(n+1) → 1/φ,IMMUTABLE,SOVEREIGN
LAW-GM-003,Lex Phyllotaxis Angularis,Spatial element distribution must follow the golden angle of 137.507764 degrees for optimal packing,GOLDEN_MATHEMATICS,θ = 360°/φ² = 137.507764°,CONSTITUTIONAL,ARCHITECT
LAW-GM-004,Lex Zeckendorf Decompositionis,Every positive integer state value must be uniquely representable as a sum of non-consecutive Fibonacci numbers,GOLDEN_MATHEMATICS,n = Σ F(kᵢ) where kᵢ₊₁ > kᵢ+1,IMMUTABLE,SOVEREIGN
LAW-GM-005,Lex Aurea Spiralis,Recursive structures must expand along logarithmic spirals with growth factor φ per quarter turn,GOLDEN_MATHEMATICS,r = a·φ^(2θ/π),CONSTITUTIONAL,ARCHITECT
LAW-OB-006,Lex Observationis Dimensionalis,Every data point must be observable from all five dimensional planes simultaneously,OBSERVATION,O(d) = Π(P₁..P₅),IMMUTABLE,OBSERVER
LAW-OB-007,Lex Anomaliae Detectionis,Anomalies are detected when observed values deviate beyond φ standard deviations from the harmonic mean,OBSERVATION,|x - μ_H| > φ·σ,CONSTITUTIONAL,OBSERVER
LAW-OB-008,Lex Collapsus Observationis,An observation collapses to a definite state only when all five dimensional projections agree within tolerance,OBSERVATION,Collapse iff max|Pᵢ - Pⱼ| < ε/φ,IMMUTABLE,OBSERVER
LAW-OB-009,Lex Resonantiae Observatoris,Observer resonance occurs when observation frequency matches the natural frequency of the observed system,OBSERVATION,f_obs = f_natural · φ^k,CONSTITUTIONAL,OBSERVER
LAW-OB-010,Lex Curae Observantis,The act of observation must never degrade the observed system beyond recoverable thresholds,OBSERVATION,ΔS_observed ≤ k_B · ln(φ),IMMUTABLE,OBSERVER
LAW-SM-011,Lex Auctoritatis Decadentiae,State authority decays by factor φ⁻¹ for each level of distance from the source of truth,STATE_MEMORY,A(d) = A₀ · φ^(-d),IMMUTABLE,SOVEREIGN
LAW-SM-012,Lex Atomi Decompositionis,Complex state must be decomposable into atomic units whose count follows Fibonacci boundaries,STATE_MEMORY,|atoms| ∈ {F(n)},CONSTITUTIONAL,ARCHITECT
LAW-SM-013,Lex Transitionis Liminis,State transitions require energy exceeding the golden threshold to prevent spurious updates,STATE_MEMORY,ΔE_transition > E₀/φ,CONSTITUTIONAL,SOVEREIGN
LAW-SM-014,Lex Effectus Prioritatis,Side effects execute in priority order determined by inverse golden-ratio weighting of their depth,STATE_MEMORY,priority(e) = 1/φ^depth(e),OPERATIONAL,ARCHITECT
LAW-SM-015,Lex Memoriae Persistentiae,Persisted state must survive at least F(n) epochs where n is its criticality level,STATE_MEMORY,TTL ≥ F(criticality),CONSTITUTIONAL,SOVEREIGN
LAW-EN-016,Lex Cascadis Hashii,Block hashes must pass through exactly 5 cascading φ-transform layers before acceptance,ENCRYPTION,H = φ_5(φ_4(φ_3(φ_2(φ_1(data))))),IMMUTABLE,SOVEREIGN
LAW-EN-017,Lex Quinque Stratis Verificationis,Each verification layer must reduce entropy by factor φ⁻¹ producing convergent certainty,ENCRYPTION,S(layer_k) = S(layer_{k-1}) · φ⁻¹,IMMUTABLE,SOVEREIGN
LAW-EN-018,Lex Leech Vectoris,Encryption vectors must inhabit the Leech lattice achieving kissing number 196560,ENCRYPTION,Λ₂₄ with κ = 196560,IMMUTABLE,SOVEREIGN
LAW-EN-019,Lex E8 Symmetriae,Key rotation symmetry must follow E8 root system with 240 root vectors,ENCRYPTION,E₈ root system |Φ| = 240,CONSTITUTIONAL,ARCHITECT
LAW-EN-020,Lex Icosahedrae Rotationis,Encryption key schedules rotate through the 60 orientation-preserving icosahedral symmetries,ENCRYPTION,|A₅| = 60 rotations,CONSTITUTIONAL,ARCHITECT
LAW-SY-021,Lex Kuramoto Copulationis,Distributed nodes synchronize through Kuramoto coupling with strength proportional to φ,SYNCHRONIZATION,dθᵢ/dt = ωᵢ + (K/N)Σsin(θⱼ-θᵢ) where K=φ,IMMUTABLE,OBSERVER
LAW-SY-022,Lex Cohaesionis Phasis,Phase coherence across the network must exceed the golden threshold for consensus,SYNCHRONIZATION,R = |Σ e^(iθ)|/N > 1/φ,CONSTITUTIONAL,OBSERVER
LAW-SY-023,Lex Ordinis Parametri,The Kuramoto order parameter must converge to φ⁻¹ at steady-state synchronization,SYNCHRONIZATION,R_∞ → 1/φ ≈ 0.618,CONSTITUTIONAL,OBSERVER
LAW-SY-024,Lex Constantis Aureae Copulationis,The golden coupling constant K_c = 2/(πg(ω₀)) marks the critical synchronization threshold,SYNCHRONIZATION,K_c = 2/(π·g(ω₀)),IMMUTABLE,SOVEREIGN
LAW-SY-025,Lex Propagationis Resonantiae,Synchronization signals propagate through the network at speed proportional to φ times local coupling,SYNCHRONIZATION,v_sync = φ · K_local · Δθ,OPERATIONAL,OBSERVER
LAW-ST-026,Lex Profunditatis Auctoritatis Documenti,Document node authority decreases by φ⁻¹ per depth level in the DOM hierarchy,STRUCTURE,authority(node) = φ^(-depth),CONSTITUTIONAL,ARCHITECT
LAW-ST-027,Lex Ponderis Semantici,Semantic weight of an element is the product of its type rank and inverse golden depth,STRUCTURE,W = rank(type) · φ^(-depth),CONSTITUTIONAL,ARCHITECT
LAW-ST-028,Lex Dispositionis Phyllotaxis,UI elements in radial or grid layouts must follow phyllotaxis angular distribution,STRUCTURE,θₙ = n · 137.507764°,OPERATIONAL,ARCHITECT
LAW-ST-029,Lex Crates Aureae,Grid systems must use column counts from the Fibonacci sequence for harmonic proportion,STRUCTURE,columns ∈ {1 2 3 5 8 13 21},OPERATIONAL,ARCHITECT
LAW-ST-030,Lex Specificitatis Cascadis,CSS cascade specificity resolves by golden-weighted layer priority from origin to inline,STRUCTURE,specificity = Σ φ^(layer) · count(selectors),CONSTITUTIONAL,ARCHITECT
LAW-CO-031,Lex Costi Reconciliationis,Virtual DOM reconciliation cost must not exceed O(n·φ) where n is the changed node count,COMPUTATION,T_reconcile ≤ O(n·φ),CONSTITUTIONAL,ARCHITECT
LAW-CO-032,Lex Fasciculi Redditionis,Render updates batch within frames not exceeding 1000/φ² milliseconds for perceptual smoothness,COMPUTATION,t_frame ≤ 1000/φ² ≈ 381.97ms,OPERATIONAL,ARCHITECT
LAW-CO-033,Lex Liminis Arboris Excisionis,Tree-shaking eliminates modules whose import reference count falls below the Fibonacci threshold,COMPUTATION,remove if refs < F(⌈log_φ(total)⌉),OPERATIONAL,ARCHITECT
LAW-CO-034,Lex Operariorum Parallelorum,Worker thread count scales as the nearest Fibonacci number to available logical cores,COMPUTATION,workers = F(nearest(cores)),CONSTITUTIONAL,SOVEREIGN
LAW-CO-035,Lex Finium Epochae,Processing epochs boundary at Fibonacci-numbered iteration counts for checkpoint consistency,COMPUTATION,epoch_boundary ∈ {F(n)},OPERATIONAL,ARCHITECT
LAW-CM-036,Lex Prioritatis Requisitionis,Network request priority is assigned by inverse golden-ratio weighting of resource criticality,COMMUNICATION,priority = criticality · φ^(-queue_depth),CONSTITUTIONAL,OBSERVER
LAW-CM-037,Lex Liminis Obsolescentiae,Cached data becomes stale after φ^k seconds where k is the freshness criticality tier,COMMUNICATION,TTL_stale = φ^k seconds,OPERATIONAL,OBSERVER
LAW-CM-038,Lex Retractationis Exponientialis,Failed request retries use exponential backoff with base φ for optimal jitter distribution,COMMUNICATION,delay(n) = φ^n · base_ms,CONSTITUTIONAL,OBSERVER
LAW-CM-039,Lex Intervalli Cordis Pulsus,Heartbeat intervals follow Fibonacci-millisecond spacing to avoid network resonance collision,COMMUNICATION,interval = F(n) · 100ms,OPERATIONAL,OBSERVER
LAW-CM-040,Lex Ordinis Interceptoris,Request interceptors execute in golden-ratio-weighted priority order from outermost to innermost,COMMUNICATION,order(i) = φ^(-i) · base_priority,ADVISORY,OBSERVER
